"ANO","NIVEL","CODMUNRES","IDHM_A","IDHM_CA","IDHM_CA_M","IDHM_CA_F"
2016,"UF",25,0.712,0.658,0.618,0.69
2016,"MUNICIPIO",2500106,NA,0.572,NA,NA
2016,"MUNICIPIO",2500205,NA,0.597,NA,NA
2016,"MUNICIPIO",2500304,NA,0.582,NA,NA
2016,"MUNICIPIO",2500403,NA,0.576,NA,NA
2016,"MUNICIPIO",2500502,NA,0.595,NA,NA
2016,"MUNICIPIO",2500536,NA,0.578,NA,NA
2016,"MUNICIPIO",2500577,NA,0.548,NA,NA
2016,"MUNICIPIO",2500601,NA,0.582,NA,NA
2016,"MUNICIPIO",2500734,NA,0.606,NA,NA
2016,"MUNICIPIO",2500775,NA,0.578,NA,NA
2016,"MUNICIPIO",2500809,NA,0.549,NA,NA
2016,"MUNICIPIO",2500908,NA,0.548,NA,NA
2016,"MUNICIPIO",2501005,NA,0.567,NA,NA
2016,"MUNICIPIO",2501153,NA,0.562,NA,NA
2016,"MUNICIPIO",2501104,NA,0.594,NA,NA
2016,"MUNICIPIO",2501203,NA,0.608,NA,NA
2016,"MUNICIPIO",2501302,NA,0.548,NA,NA
2016,"MUNICIPIO",2501351,NA,0.609,NA,NA
2016,"MUNICIPIO",2501401,NA,0.581,NA,NA
2016,"MUNICIPIO",2501500,NA,0.568,NA,NA
2016,"MUNICIPIO",2501534,NA,0.558,NA,NA
2016,"MUNICIPIO",2501609,NA,0.562,NA,NA
2016,"MUNICIPIO",2501575,NA,0.567,NA,NA
2016,"MUNICIPIO",2501708,NA,0.572,NA,NA
2016,"MUNICIPIO",2501807,NA,0.649,NA,NA
2016,"MUNICIPIO",2502003,NA,0.578,NA,NA
2016,"MUNICIPIO",2501906,NA,0.592,NA,NA
2016,"MUNICIPIO",2502052,NA,0.558,NA,NA
2016,"MUNICIPIO",2502102,NA,0.599,NA,NA
2016,"MUNICIPIO",2502151,NA,0.649,NA,NA
2016,"MUNICIPIO",2502201,NA,0.597,NA,NA
2016,"MUNICIPIO",2502300,NA,0.592,NA,NA
2016,"MUNICIPIO",2502409,NA,0.574,NA,NA
2016,"MUNICIPIO",2502508,NA,0.607,NA,NA
2016,"MUNICIPIO",2502706,NA,0.558,NA,NA
2016,"MUNICIPIO",2502805,NA,0.597,NA,NA
2016,"MUNICIPIO",2502904,NA,0.619,NA,NA
2016,"MUNICIPIO",2503001,NA,0.602,NA,NA
2016,"MUNICIPIO",2503100,NA,0.611,NA,NA
2016,"MUNICIPIO",2503209,NA,0.748,NA,NA
2016,"MUNICIPIO",2503308,NA,0.587,NA,NA
2016,"MUNICIPIO",2503407,NA,0.596,NA,NA
2016,"MUNICIPIO",2503506,NA,0.564,NA,NA
2016,"MUNICIPIO",2503555,NA,0.523,NA,NA
2016,"MUNICIPIO",2503605,NA,0.592,NA,NA
2016,"MUNICIPIO",2503704,NA,0.679,NA,NA
2016,"MUNICIPIO",2503753,NA,0.55,NA,NA
2016,"MUNICIPIO",2503803,NA,0.568,NA,NA
2016,"MUNICIPIO",2503902,NA,0.567,NA,NA
2016,"MUNICIPIO",2504009,NA,0.72,NA,NA
2016,"MUNICIPIO",2504033,NA,0.533,NA,NA
2016,"MUNICIPIO",2504074,NA,0.585,NA,NA
2016,"MUNICIPIO",2504108,NA,0.603,NA,NA
2016,"MUNICIPIO",2504157,NA,0.514,NA,NA
2016,"MUNICIPIO",2504207,NA,0.574,NA,NA
2016,"MUNICIPIO",2504306,NA,0.64,NA,NA
2016,"MUNICIPIO",2504355,NA,0.623,NA,NA
2016,"MUNICIPIO",2504405,NA,0.592,NA,NA
2016,"MUNICIPIO",2504504,NA,0.594,NA,NA
2016,"MUNICIPIO",2504603,NA,0.618,NA,NA
2016,"MUNICIPIO",2504702,NA,0.581,NA,NA
2016,"MUNICIPIO",2504801,NA,0.592,NA,NA
2016,"MUNICIPIO",2504850,NA,0.641,NA,NA
2016,"MUNICIPIO",2504900,NA,0.552,NA,NA
2016,"MUNICIPIO",2505006,NA,0.566,NA,NA
2016,"MUNICIPIO",2505238,NA,0.524,NA,NA
2016,"MUNICIPIO",2505105,NA,0.591,NA,NA
2016,"MUNICIPIO",2505204,NA,0.57,NA,NA
2016,"MUNICIPIO",2505279,NA,0.529,NA,NA
2016,"MUNICIPIO",2505303,NA,0.606,NA,NA
2016,"MUNICIPIO",2505352,NA,0.521,NA,NA
2016,"MUNICIPIO",2505402,NA,0.58,NA,NA
2016,"MUNICIPIO",2505600,NA,0.593,NA,NA
2016,"MUNICIPIO",2505709,NA,0.545,NA,NA
2016,"MUNICIPIO",2505808,NA,0.603,NA,NA
2016,"MUNICIPIO",2505907,NA,0.595,NA,NA
2016,"MUNICIPIO",2506004,NA,0.623,NA,NA
2016,"MUNICIPIO",2506103,NA,0.56,NA,NA
2016,"MUNICIPIO",2506202,NA,0.641,NA,NA
2016,"MUNICIPIO",2506251,NA,0.513,NA,NA
2016,"MUNICIPIO",2506301,NA,0.673,NA,NA
2016,"MUNICIPIO",2506400,NA,0.556,NA,NA
2016,"MUNICIPIO",2506509,NA,0.625,NA,NA
2016,"MUNICIPIO",2506608,NA,0.586,NA,NA
2016,"MUNICIPIO",2502607,NA,0.61,NA,NA
2016,"MUNICIPIO",2506707,NA,0.557,NA,NA
2016,"MUNICIPIO",2506806,NA,0.592,NA,NA
2016,"MUNICIPIO",2506905,NA,0.613,NA,NA
2016,"MUNICIPIO",2507002,NA,0.615,NA,NA
2016,"MUNICIPIO",2507101,NA,0.564,NA,NA
2016,"MUNICIPIO",2507200,NA,0.562,NA,NA
2016,"MUNICIPIO",2507309,NA,0.558,NA,NA
2016,"MUNICIPIO",2507408,NA,0.603,NA,NA
2016,"MUNICIPIO",2507507,NA,0.763,NA,NA
2016,"MUNICIPIO",2507606,NA,0.579,NA,NA
2016,"MUNICIPIO",2507705,NA,0.567,NA,NA
2016,"MUNICIPIO",2507804,NA,0.617,NA,NA
2016,"MUNICIPIO",2507903,NA,0.548,NA,NA
2016,"MUNICIPIO",2508000,NA,0.57,NA,NA
2016,"MUNICIPIO",2508208,NA,0.57,NA,NA
2016,"MUNICIPIO",2508307,NA,0.627,NA,NA
2016,"MUNICIPIO",2508109,NA,0.563,NA,NA
2016,"MUNICIPIO",2508406,NA,0.533,NA,NA
2016,"MUNICIPIO",2508505,NA,0.566,NA,NA
2016,"MUNICIPIO",2508554,NA,0.583,NA,NA
2016,"MUNICIPIO",2508604,NA,0.583,NA,NA
2016,"MUNICIPIO",2508703,NA,0.542,NA,NA
2016,"MUNICIPIO",2508802,NA,0.642,NA,NA
2016,"MUNICIPIO",2508901,NA,0.585,NA,NA
2016,"MUNICIPIO",2509008,NA,0.543,NA,NA
2016,"MUNICIPIO",2509057,NA,0.529,NA,NA
2016,"MUNICIPIO",2509107,NA,0.548,NA,NA
2016,"MUNICIPIO",2509156,NA,0.608,NA,NA
2016,"MUNICIPIO",2509206,NA,0.567,NA,NA
2016,"MUNICIPIO",2509305,NA,0.536,NA,NA
2016,"MUNICIPIO",2509339,NA,0.541,NA,NA
2016,"MUNICIPIO",2509370,NA,0.565,NA,NA
2016,"MUNICIPIO",2509396,NA,0.572,NA,NA
2016,"MUNICIPIO",2509404,NA,0.574,NA,NA
2016,"MUNICIPIO",2509503,NA,0.59,NA,NA
2016,"MUNICIPIO",2509602,NA,0.587,NA,NA
2016,"MUNICIPIO",2509701,NA,0.628,NA,NA
2016,"MUNICIPIO",2509800,NA,0.565,NA,NA
2016,"MUNICIPIO",2509909,NA,0.541,NA,NA
2016,"MUNICIPIO",2510006,NA,0.562,NA,NA
2016,"MUNICIPIO",2510105,NA,0.601,NA,NA
2016,"MUNICIPIO",2510204,NA,0.573,NA,NA
2016,"MUNICIPIO",2510303,NA,0.595,NA,NA
2016,"MUNICIPIO",2510402,NA,0.572,NA,NA
2016,"MUNICIPIO",2510501,NA,0.603,NA,NA
2016,"MUNICIPIO",2510600,NA,0.614,NA,NA
2016,"MUNICIPIO",2510659,NA,0.584,NA,NA
2016,"MUNICIPIO",2510709,NA,0.62,NA,NA
2016,"MUNICIPIO",2510808,NA,0.701,NA,NA
2016,"MUNICIPIO",2510907,NA,0.587,NA,NA
2016,"MUNICIPIO",2511004,NA,0.599,NA,NA
2016,"MUNICIPIO",2511103,NA,0.574,NA,NA
2016,"MUNICIPIO",2511202,NA,0.59,NA,NA
2016,"MUNICIPIO",2512721,NA,0.542,NA,NA
2016,"MUNICIPIO",2511301,NA,0.621,NA,NA
2016,"MUNICIPIO",2511400,NA,0.608,NA,NA
2016,"MUNICIPIO",2511509,NA,0.579,NA,NA
2016,"MUNICIPIO",2511608,NA,0.56,NA,NA
2016,"MUNICIPIO",2511707,NA,0.564,NA,NA
2016,"MUNICIPIO",2511806,NA,0.595,NA,NA
2016,"MUNICIPIO",2511905,NA,0.57,NA,NA
2016,"MUNICIPIO",2512002,NA,0.591,NA,NA
2016,"MUNICIPIO",2512036,NA,0.525,NA,NA
2016,"MUNICIPIO",2512077,NA,0.612,NA,NA
2016,"MUNICIPIO",2512101,NA,0.634,NA,NA
2016,"MUNICIPIO",2512200,NA,0.608,NA,NA
2016,"MUNICIPIO",2512309,NA,0.606,NA,NA
2016,"MUNICIPIO",2512408,NA,0.617,NA,NA
2016,"MUNICIPIO",2512507,NA,0.608,NA,NA
2016,"MUNICIPIO",2512606,NA,0.622,NA,NA
2016,"MUNICIPIO",2512705,NA,0.607,NA,NA
2016,"MUNICIPIO",2512754,NA,0.553,NA,NA
2016,"MUNICIPIO",2512762,NA,0.555,NA,NA
2016,"MUNICIPIO",2512747,NA,0.574,NA,NA
2016,"MUNICIPIO",2512788,NA,0.594,NA,NA
2016,"MUNICIPIO",2512804,NA,0.568,NA,NA
2016,"MUNICIPIO",2512903,NA,0.585,NA,NA
2016,"MUNICIPIO",2513000,NA,0.563,NA,NA
2016,"MUNICIPIO",2513109,NA,0.568,NA,NA
2016,"MUNICIPIO",2513158,NA,0.525,NA,NA
2016,"MUNICIPIO",2513208,NA,0.618,NA,NA
2016,"MUNICIPIO",2513307,NA,0.609,NA,NA
2016,"MUNICIPIO",2513356,NA,0.572,NA,NA
2016,"MUNICIPIO",2513406,NA,0.682,NA,NA
2016,"MUNICIPIO",2513703,NA,0.627,NA,NA
2016,"MUNICIPIO",2513802,NA,0.627,NA,NA
2016,"MUNICIPIO",2513505,NA,0.535,NA,NA
2016,"MUNICIPIO",2513604,NA,0.594,NA,NA
2016,"MUNICIPIO",2513653,NA,0.622,NA,NA
2016,"MUNICIPIO",2513851,NA,0.6,NA,NA
2016,"MUNICIPIO",2513927,NA,0.606,NA,NA
2016,"MUNICIPIO",2513901,NA,0.58,NA,NA
2016,"MUNICIPIO",2513943,NA,0.589,NA,NA
2016,"MUNICIPIO",2513968,NA,0.548,NA,NA
2016,"MUNICIPIO",2513984,NA,0.58,NA,NA
2016,"MUNICIPIO",2514008,NA,0.622,NA,NA
2016,"MUNICIPIO",2500700,NA,0.608,NA,NA
2016,"MUNICIPIO",2514107,NA,0.552,NA,NA
2016,"MUNICIPIO",2514206,NA,0.53,NA,NA
2016,"MUNICIPIO",2514305,NA,0.565,NA,NA
2016,"MUNICIPIO",2514404,NA,0.577,NA,NA
2016,"MUNICIPIO",2514503,NA,0.591,NA,NA
2016,"MUNICIPIO",2514552,NA,0.565,NA,NA
2016,"MUNICIPIO",2514602,NA,0.578,NA,NA
2016,"MUNICIPIO",2514651,NA,0.581,NA,NA
2016,"MUNICIPIO",2514701,NA,0.617,NA,NA
2016,"MUNICIPIO",2514800,NA,0.556,NA,NA
2016,"MUNICIPIO",2514453,NA,0.541,NA,NA
2016,"MUNICIPIO",2514909,NA,0.641,NA,NA
2016,"MUNICIPIO",2515005,NA,0.548,NA,NA
2016,"MUNICIPIO",2515104,NA,0.594,NA,NA
2016,"MUNICIPIO",2515203,NA,0.581,NA,NA
2016,"MUNICIPIO",2515302,NA,0.569,NA,NA
2016,"MUNICIPIO",2515401,NA,0.555,NA,NA
2016,"MUNICIPIO",2515500,NA,0.628,NA,NA
2016,"MUNICIPIO",2515609,NA,0.626,NA,NA
2016,"MUNICIPIO",2515708,NA,0.586,NA,NA
2016,"MUNICIPIO",2515807,NA,0.57,NA,NA
2016,"MUNICIPIO",2515906,NA,0.547,NA,NA
2016,"MUNICIPIO",2515930,NA,0.621,NA,NA
2016,"MUNICIPIO",2515971,NA,0.573,NA,NA
2016,"MUNICIPIO",2516003,NA,0.595,NA,NA
2016,"MUNICIPIO",2516102,NA,0.616,NA,NA
2016,"MUNICIPIO",2516151,NA,0.573,NA,NA
2016,"MUNICIPIO",2516201,NA,0.668,NA,NA
2016,"MUNICIPIO",2516300,NA,0.627,NA,NA
2016,"MUNICIPIO",2516409,NA,0.551,NA,NA
2016,"MUNICIPIO",2516508,NA,0.578,NA,NA
2016,"MUNICIPIO",2516607,NA,0.586,NA,NA
2016,"MUNICIPIO",2516706,NA,0.605,NA,NA
2016,"MUNICIPIO",2516755,NA,0.581,NA,NA
2016,"MUNICIPIO",2516805,NA,0.609,NA,NA
2016,"MUNICIPIO",2516904,NA,0.636,NA,NA
2016,"MUNICIPIO",2517001,NA,0.584,NA,NA
2016,"MUNICIPIO",2517100,NA,0.707,NA,NA
2016,"MUNICIPIO",2517209,NA,0.571,NA,NA
2016,"MUNICIPIO",2505501,NA,0.566,NA,NA
2016,"MUNICIPIO",2517407,NA,0.623,NA,NA
