UF;IDHM_2010;IDHM_2016;IDHM_2010_M;IDHM_2016_M;IDHM_2010_F;IDHM_2016_F
Brasil;0.727;0.767;0.696;0.741;0.756;0.792
Acre;0.663;0.723;0.634;0.699;0.694;0.746
Alagoas;0.631;0.68;0.594;0.645;0.666;0.713
Amapá;0.708;0.732;0.676;0.698;0.742;0.766
Amazonas;0.674;0.723;0.649;0.696;0.701;0.75
Bahia;0.66;0.708;0.623;0.67;0.697;0.744
Ceará;0.682;0.727;0.65;0.695;0.713;0.759
Distrito Federal;0.824;0.842;0.797;0.817;0.851;0.865
Espírito Santo;0.74;0.766;0.707;0.74;0.772;0.791
Goiás;0.735;0.765;0.704;0.741;0.765;0.789
Maranhão;0.639;0.698;0.603;0.669;0.67;0.727
Mato Grosso do Sul;0.729;0.755;0.7;0.73;0.757;0.782
Mato Grosso;0.725;0.766;0.695;0.74;0.756;0.793
Minas Gerais;0.731;0.77;0.701;0.746;0.759;0.793
Paraíba;0.658;0.712;0.618;0.678;0.69;0.743
Paraná;0.749;0.786;0.719;0.761;0.776;0.81
Pará;0.646;0.697;0.612;0.665;0.678;0.73
Pernambuco;0.673;0.72;0.637;0.686;0.706;0.754
Piauí;0.646;0.707;0.606;0.666;0.676;0.749
Rio de Janeiro;0.761;0.776;0.734;0.754;0.789;0.797
Rio Grande do Norte;0.684;0.729;0.646;0.698;0.716;0.758
Rio Grande do Sul;0.746;0.776;0.716;0.749;0.772;0.803
Rondônia;0.69;0.724;0.659;0.699;0.721;0.751
Roraima;0.707;0.761;0.676;0.73;0.739;0.793
Santa Catarina;0.774;0.801;0.747;0.78;0.798;0.821
São Paulo;0.783;0.824;0.759;0.804;0.807;0.842
Sergipe;0.665;0.702;0.627;0.667;0.697;0.735
Tocantins;0.699;0.739;0.664;0.71;0.724;0.769
