"ANO","NIVEL","CODMUNRES","POPRE_T","POPRC_T","POPRC_M","POPRC_F","POPRC_15","POPRC_15_49","POPRC_50","POPRC_F_15","POPRC_F_15_49","POPRC_F_50"
2016,"UF","25","3999415",3766528,1824379,1942149,952881,2043189,770458,467708,1045970,428471
2016,"MUNICIPIO","2500106","10172",9449,4719,4730,2800,4813,1836,1362,2371,997
2016,"MUNICIPIO","2500205","5567",5530,2706,2824,1448,2713,1369,710,1381,733
2016,"MUNICIPIO","2500304","28604",28479,13861,14618,7737,14359,6383,3784,7263,3571
2016,"MUNICIPIO","2500403","20596",19681,9761,9920,5434,10127,4120,2565,5094,2261
2016,"MUNICIPIO","2500502","14376",13576,6704,6872,3867,7035,2674,1861,3555,1456
2016,"MUNICIPIO","2500536","5475",5239,2624,2615,1383,2760,1096,680,1373,562
2016,"MUNICIPIO","2500577","2488",2366,1217,1149,677,1199,490,317,584,248
2016,"MUNICIPIO","2500601","19412",18007,8864,9143,5356,9980,2671,2655,5109,1379
2016,"MUNICIPIO","2500700","17934",18201,8940,9261,4100,9498,4603,2008,4778,2475
2016,"MUNICIPIO","2500734","2229",2088,1047,1041,548,1114,426,283,547,211
2016,"MUNICIPIO","2500775","8348",7676,3796,3880,1845,3981,1850,909,1989,982
2016,"MUNICIPIO","2500809","17061",17224,8574,8650,4493,8709,4022,2192,4314,2144
2016,"MUNICIPIO","2500908","13448",12653,6074,6579,3208,6011,3434,1611,3024,1944
2016,"MUNICIPIO","2501005","20237",18879,9324,9555,5680,9511,3688,2793,4770,1992
2016,"MUNICIPIO","2501104","22940",23829,11669,12160,6342,12531,4956,3156,6242,2762
2016,"MUNICIPIO","2501153","2137",1927,963,964,505,1063,359,260,521,183
2016,"MUNICIPIO","2501203","6938",6470,3058,3412,1667,3302,1501,841,1705,866
2016,"MUNICIPIO","2501302","19178",19082,9222,9860,5548,9206,4328,2786,4762,2312
2016,"MUNICIPIO","2501351","3876",3522,1779,1743,974,1850,698,448,919,376
2016,"MUNICIPIO","2501401","8951",8012,4040,3972,2528,4291,1193,1221,2116,635
2016,"MUNICIPIO","2501500","21195",21851,10784,11067,6063,11157,4631,2968,5622,2477
2016,"MUNICIPIO","2501534","4843",4220,2110,2110,1131,2165,924,528,1093,489
2016,"MUNICIPIO","2501575","8245",8206,4147,4059,2125,4072,2009,1008,2014,1037
2016,"MUNICIPIO","2501609","15286",14157,7085,7072,3852,7080,3225,1896,3468,1708
2016,"MUNICIPIO","2501708","5943",5611,2918,2693,1430,2878,1303,688,1339,666
2016,"MUNICIPIO","2501807","96583",99716,47736,51980,25675,57283,16758,12737,29587,9656
2016,"MUNICIPIO","2501906","17640",17093,8345,8748,4252,8672,4169,2074,4379,2295
2016,"MUNICIPIO","2502003","7334",7143,3607,3536,1791,3785,1567,869,1821,846
2016,"MUNICIPIO","2502052","3398",3075,1476,1599,983,1490,602,485,791,323
2016,"MUNICIPIO","2502102","5410",5751,2899,2852,1462,3032,1257,708,1470,674
2016,"MUNICIPIO","2502151","6986",6227,3085,3142,1530,3372,1325,753,1684,705
2016,"MUNICIPIO","2502201","2550",2400,1219,1181,643,1232,525,317,589,275
2016,"MUNICIPIO","2502300","4989",5035,2477,2558,1144,2554,1337,556,1295,707
2016,"MUNICIPIO","2502409","11814",10804,5350,5454,3107,5693,2004,1532,2859,1063
2016,"MUNICIPIO","2502508","17757",16888,8323,8565,4425,9009,3454,2168,4514,1883
2016,"MUNICIPIO","2502607","6182",6156,3019,3137,1639,3068,1449,782,1561,794
2016,"MUNICIPIO","2502706","5399",5111,2558,2553,1508,2539,1064,710,1259,584
2016,"MUNICIPIO","2502805","14006",13123,6510,6613,3329,7199,2595,1617,3588,1408
2016,"MUNICIPIO","2502904","6435",6198,3094,3104,1524,3190,1484,752,1557,795
2016,"MUNICIPIO","2503001","21717",20362,10090,10272,6228,11219,2915,3083,5651,1538
2016,"MUNICIPIO","2503100","5511",5035,2493,2542,1261,2573,1201,634,1272,636
2016,"MUNICIPIO","2503209","66858",57944,27630,30314,14250,33567,10127,7008,17596,5710
2016,"MUNICIPIO","2503308","10191",9546,4820,4726,2437,4974,2135,1218,2352,1156
2016,"MUNICIPIO","2503407","3731",3557,1779,1778,859,1940,758,425,967,386
2016,"MUNICIPIO","2503506","17153",16748,8217,8531,4722,8235,3791,2293,4155,2083
2016,"MUNICIPIO","2503555","7148",6814,3284,3530,2486,3142,1186,1244,1645,641
2016,"MUNICIPIO","2503605","7288",7220,3619,3601,1863,3791,1566,919,1878,804
2016,"MUNICIPIO","2503704","61816",58446,27938,30508,13628,31971,12847,6677,16538,7293
2016,"MUNICIPIO","2503753","3181",3033,1548,1485,821,1590,622,403,785,297
2016,"MUNICIPIO","2503803","5986",5637,2802,2835,1454,3000,1183,691,1504,640
2016,"MUNICIPIO","2503902","5996",5749,2840,2909,1551,2859,1339,777,1417,715
2016,"MUNICIPIO","2504009","407754",385213,182205,203008,91501,216836,76876,44855,113307,44846
2016,"MUNICIPIO","2504033","6441",5601,2815,2786,1794,2891,916,869,1423,494
2016,"MUNICIPIO","2504074","4143",3899,1972,1927,1012,1906,981,493,941,493
2016,"MUNICIPIO","2504108","2635",2378,1247,1131,665,1285,428,333,595,203
2016,"MUNICIPIO","2504157","7436",7058,3549,3509,2034,3525,1499,970,1753,786
2016,"MUNICIPIO","2504207","4927",4812,2413,2399,1306,2473,1033,602,1243,554
2016,"MUNICIPIO","2504306","30360",28759,14028,14731,6780,15827,6152,3279,8047,3405
2016,"MUNICIPIO","2504355","4810",4543,2300,2243,1219,2368,956,595,1157,491
2016,"MUNICIPIO","2504405","18903",18363,9120,9243,4660,9852,3851,2299,4864,2080
2016,"MUNICIPIO","2504504","6743",6584,3215,3369,1619,3307,1658,797,1680,892
2016,"MUNICIPIO","2504603","24380",21400,10763,10637,6327,11796,3277,3062,5926,1649
2016,"MUNICIPIO","2504702","4785",4687,2378,2309,1215,2408,1064,576,1162,571
2016,"MUNICIPIO","2504801","15418",15149,7421,7728,4023,7796,3330,1946,3961,1821
2016,"MUNICIPIO","2504850","1909",1771,916,855,347,949,475,162,437,256
2016,"MUNICIPIO","2504900","17389",16257,8093,8164,4783,8825,2649,2361,4403,1400
2016,"MUNICIPIO","2505006","7234",6866,3393,3473,1918,3542,1406,925,1765,783
2016,"MUNICIPIO","2505105","20337",19978,9833,10145,4937,10264,4777,2346,5219,2580
2016,"MUNICIPIO","2505204","6815",6889,3389,3500,1964,3506,1419,974,1737,789
2016,"MUNICIPIO","2505238","6349",6202,3100,3102,1742,3114,1346,836,1564,702
2016,"MUNICIPIO","2505279","5238",5209,2632,2577,1483,2622,1104,722,1276,579
2016,"MUNICIPIO","2505303","2520",2505,1304,1201,675,1389,441,319,649,233
2016,"MUNICIPIO","2505352","5296",4900,2460,2440,1473,2443,984,754,1173,513
2016,"MUNICIPIO","2505402","8280",7991,3893,4098,2298,3995,1698,1135,2037,926
2016,"MUNICIPIO","2505501","3777",3512,1821,1691,913,1936,663,404,929,358
2016,"MUNICIPIO","2505600","6570",6616,3331,3285,1735,3545,1336,878,1692,715
2016,"MUNICIPIO","2505709","10419",10517,5277,5240,3114,5113,2290,1551,2478,1211
2016,"MUNICIPIO","2505808","3606",3638,1790,1848,976,1787,875,491,868,489
2016,"MUNICIPIO","2505907","3507",3317,1673,1644,977,1727,613,458,859,327
2016,"MUNICIPIO","2506004","33031",31095,15155,15940,8272,16237,6586,4042,8196,3702
2016,"MUNICIPIO","2506103","11345",11405,5607,5798,3200,5551,2654,1579,2775,1444
2016,"MUNICIPIO","2506202","2988",2933,1468,1465,643,1453,837,306,712,447
2016,"MUNICIPIO","2506251","8443",8376,4133,4243,2373,4188,1815,1151,2116,976
2016,"MUNICIPIO","2506301","58529",55326,26693,28633,13564,30731,11031,6682,15800,6151
2016,"MUNICIPIO","2506400","14126",13872,6920,6952,3736,7305,2831,1809,3614,1529
2016,"MUNICIPIO","2506509","3407",3159,1550,1609,756,1657,746,378,827,404
2016,"MUNICIPIO","2506608","5949",6031,3033,2998,1473,3053,1505,672,1509,817
2016,"MUNICIPIO","2506707","11792",11352,5707,5645,3739,5682,1931,1818,2783,1044
2016,"MUNICIPIO","2506806","18105",18180,8838,9342,4974,9120,4086,2466,4605,2271
2016,"MUNICIPIO","2506905","24519",24481,11851,12630,5862,13112,5507,2823,6683,3124
2016,"MUNICIPIO","2507002","24674",23192,11389,11803,6072,12746,4374,2936,6453,2414
2016,"MUNICIPIO","2507101","18527",16997,8560,8437,4605,8898,3494,2225,4370,1842
2016,"MUNICIPIO","2507200","10809",10201,5049,5152,2781,5266,2154,1385,2609,1158
2016,"MUNICIPIO","2507309","14348",13942,6918,7024,3807,7000,3135,1858,3512,1654
2016,"MUNICIPIO","2507408","7730",7538,3694,3844,1882,3891,1765,920,1983,941
2016,"MUNICIPIO","2507507","801718",723515,337783,385732,160156,420782,142577,78924,223136,83672
2016,"MUNICIPIO","2507606","7901",7459,3641,3818,2042,3885,1532,1003,1984,831
2016,"MUNICIPIO","2507705","18061",16776,8366,8410,4994,8786,2996,2459,4319,1632
2016,"MUNICIPIO","2507804","7111",6643,3308,3335,1788,3520,1335,889,1770,676
2016,"MUNICIPIO","2507903","10721",10237,5129,5108,2785,5351,2101,1313,2647,1148
2016,"MUNICIPIO","2508000","9880",9826,4897,4929,2645,5143,2038,1346,2497,1086
2016,"MUNICIPIO","2508109","4676",4681,2304,2377,1135,2404,1142,542,1216,619
2016,"MUNICIPIO","2508208","7645",7370,3626,3744,1972,3628,1770,974,1829,941
2016,"MUNICIPIO","2508307","27398",25900,12743,13157,6917,13892,5091,3370,7057,2730
2016,"MUNICIPIO","2508406","2745",2841,1438,1403,670,1483,688,342,729,332
2016,"MUNICIPIO","2508505","7371",7164,3524,3640,2059,3547,1558,1008,1785,847
2016,"MUNICIPIO","2508554","4299",3942,1938,2004,1031,2093,818,519,1040,445
2016,"MUNICIPIO","2508604","12965",11730,5832,5898,3493,6291,1946,1736,3158,1004
2016,"MUNICIPIO","2508703","4017",4019,1964,2055,1085,2040,894,533,1033,489
2016,"MUNICIPIO","2508802","5668",5613,2703,2910,1470,2804,1339,731,1428,751
2016,"MUNICIPIO","2508901","44694",42303,20790,21513,11924,22870,7509,5920,11485,4108
2016,"MUNICIPIO","2509008","11094",10759,5400,5359,3130,5592,2037,1519,2722,1118
2016,"MUNICIPIO","2509057","8475",7609,3894,3715,2430,4033,1146,1181,1950,584
2016,"MUNICIPIO","2509107","21806",21176,10367,10809,5429,10922,4825,2660,5506,2643
2016,"MUNICIPIO","2509156","6569",6173,3016,3157,1577,3237,1359,781,1632,744
2016,"MUNICIPIO","2509206","13755",12902,6245,6657,3498,6588,2816,1711,3402,1544
2016,"MUNICIPIO","2509305","8345",7407,3690,3717,2360,3956,1091,1195,1973,549
2016,"MUNICIPIO","2509339","4517",4321,2151,2170,1252,2199,870,622,1083,465
2016,"MUNICIPIO","2509370","2892",2702,1349,1353,691,1436,575,337,724,292
2016,"MUNICIPIO","2509396","6516",5939,2900,3039,1727,3122,1090,848,1600,591
2016,"MUNICIPIO","2509404","13300",12491,6078,6413,3473,6486,2532,1750,3318,1345
2016,"MUNICIPIO","2509503","5611",4990,2482,2508,1354,2517,1119,650,1262,596
2016,"MUNICIPIO","2509602","4793",4508,2262,2246,1222,2349,937,597,1137,512
2016,"MUNICIPIO","2509701","33039",30852,14985,15867,7667,16123,7062,3772,8209,3886
2016,"MUNICIPIO","2509800","9882",9469,4630,4839,2454,4960,2055,1249,2460,1130
2016,"MUNICIPIO","2509909","10455",10566,5217,5349,3072,5302,2192,1513,2644,1192
2016,"MUNICIPIO","2510006","7307",7280,3631,3649,1833,3707,1740,908,1826,915
2016,"MUNICIPIO","2510105","10644",10533,5121,5412,2798,5400,2335,1347,2791,1274
2016,"MUNICIPIO","2510204","5971",6070,3019,3051,1714,3168,1188,813,1576,662
2016,"MUNICIPIO","2510303","4849",4361,2163,2198,1064,2304,993,570,1109,519
2016,"MUNICIPIO","2510402","6578",6931,3352,3579,1853,3618,1460,953,1845,781
2016,"MUNICIPIO","2510501","3916",3627,1853,1774,896,1926,805,420,938,416
2016,"MUNICIPIO","2510600","3033",2928,1470,1458,689,1521,718,342,753,363
2016,"MUNICIPIO","2510659","1782",1256,621,635,311,620,325,152,314,169
2016,"MUNICIPIO","2510709","2404",2233,1107,1126,574,1166,493,293,561,272
2016,"MUNICIPIO","2510808","107067",100674,47805,52869,25127,56200,19347,12444,29292,11133
2016,"MUNICIPIO","2510907","12263",11788,5829,5959,2767,6393,2628,1357,3210,1392
2016,"MUNICIPIO","2511004","3800",3721,1847,1874,1013,1945,763,494,976,404
2016,"MUNICIPIO","2511103","8053",7475,3734,3741,1884,3896,1695,936,1950,855
2016,"MUNICIPIO","2511202","28395",27032,13467,13565,7450,14708,4874,3634,7346,2585
2016,"MUNICIPIO","2511301","16039",15465,7388,8077,3651,8306,3508,1861,4262,1954
2016,"MUNICIPIO","2511400","18704",18222,8953,9269,4871,9364,3987,2425,4707,2137
2016,"MUNICIPIO","2511509","11863",11191,5499,5692,3052,5959,2180,1536,2982,1174
2016,"MUNICIPIO","2511608","6667",6978,3517,3461,2079,3601,1298,1000,1759,702
2016,"MUNICIPIO","2511707","5099",5155,2543,2612,1414,2636,1105,693,1318,601
2016,"MUNICIPIO","2511806","10570",10326,5114,5212,2724,5374,2228,1325,2667,1220
2016,"MUNICIPIO","2511905","18938",17024,8609,8415,5361,9177,2486,2627,4518,1270
2016,"MUNICIPIO","2512002","18451",17032,8490,8542,4815,8672,3545,2336,4323,1883
2016,"MUNICIPIO","2512036","3774",3751,1905,1846,1093,1985,673,525,960,361
2016,"MUNICIPIO","2512077","4282",3978,1933,2045,952,1968,1058,445,1034,566
2016,"MUNICIPIO","2512101","32739",32110,15381,16729,7294,17165,7651,3606,8828,4295
2016,"MUNICIPIO","2512200","4145",3854,1926,1928,959,1974,921,460,969,499
2016,"MUNICIPIO","2512309","23247",21283,10448,10835,5691,11402,4190,2770,5757,2308
2016,"MUNICIPIO","2512408","13638",12923,6356,6567,3527,6764,2632,1741,3399,1427
2016,"MUNICIPIO","2512507","43945",41049,19936,21113,11018,21868,8163,5425,11270,4418
2016,"MUNICIPIO","2512606","1933",1699,893,806,453,911,335,218,427,161
2016,"MUNICIPIO","2512705","19368",17581,8379,9202,4755,8836,3990,2364,4612,2226
2016,"MUNICIPIO","2512721","6067",5765,2890,2875,1666,2804,1295,786,1409,680
2016,"MUNICIPIO","2512747","3570",3266,1602,1664,928,1682,656,457,843,364
2016,"MUNICIPIO","2512754","4503",4264,2082,2182,1150,2184,930,581,1094,507
2016,"MUNICIPIO","2512762","4481",4164,2086,2078,1143,2153,868,554,1087,437
2016,"MUNICIPIO","2512788","1955",1722,871,851,488,915,319,243,453,155
2016,"MUNICIPIO","2512804","8587",8314,4242,4072,2045,4566,1703,998,2198,876
2016,"MUNICIPIO","2512903","24090",22976,11310,11666,5758,12324,4894,2820,6119,2727
2016,"MUNICIPIO","2513000","3927",3508,1782,1726,1040,1765,703,508,839,379
2016,"MUNICIPIO","2513109","12145",11976,5836,6140,3082,5752,3142,1521,2925,1694
2016,"MUNICIPIO","2513158","6570",6658,3409,3249,1996,3300,1362,951,1605,693
2016,"MUNICIPIO","2513208","6582",6471,3283,3188,1365,3199,1907,629,1575,984
2016,"MUNICIPIO","2513307","5902",5369,2626,2743,1255,2636,1478,623,1331,789
2016,"MUNICIPIO","2513356","3595",3539,1823,1716,970,1923,646,502,901,313
2016,"MUNICIPIO","2513406","15341",14719,7138,7581,3536,7720,3463,1741,3914,1926
2016,"MUNICIPIO","2513505","5191",5331,2697,2634,1470,2802,1059,693,1386,555
2016,"MUNICIPIO","2513604","7067",7266,3512,3754,1781,3690,1795,863,1895,996
2016,"MUNICIPIO","2513653","2685",2615,1268,1347,629,1369,617,308,723,316
2016,"MUNICIPIO","2513703","135915",120310,58119,62191,32143,66914,21253,15914,34438,11839
2016,"MUNICIPIO","2513802","4582",4581,2276,2305,1188,2368,1025,566,1206,533
2016,"MUNICIPIO","2513851","2529",2638,1337,1301,564,1379,695,261,675,365
2016,"MUNICIPIO","2513901","33847",30879,15220,15659,8027,17707,5145,3865,8972,2822
2016,"MUNICIPIO","2513927","4497",4138,2015,2123,1022,2101,1015,519,1059,545
2016,"MUNICIPIO","2513943","2582",2420,1212,1208,589,1237,594,290,617,301
2016,"MUNICIPIO","2513968","3091",2855,1412,1443,645,1468,742,319,720,404
2016,"MUNICIPIO","2513984","3369",3364,1660,1704,713,1676,975,356,834,514
2016,"MUNICIPIO","2514008","4309",4344,2120,2224,1007,2229,1108,508,1104,612
2016,"MUNICIPIO","2514107","4427",4396,2247,2149,1277,2095,1024,602,1038,509
2016,"MUNICIPIO","2514206","7678",7564,3680,3884,1866,3792,1906,943,1898,1043
2016,"MUNICIPIO","2514305","6256",6010,3052,2958,1822,3144,1044,907,1525,526
2016,"MUNICIPIO","2514404","4659",4760,2501,2259,1207,2423,1130,573,1134,552
2016,"MUNICIPIO","2514453","5920",5508,2759,2749,1561,2855,1092,739,1426,584
2016,"MUNICIPIO","2514503","20062",19096,9529,9567,4877,10053,4166,2433,4969,2165
2016,"MUNICIPIO","2514552","3897",4219,2139,2080,1135,2186,898,545,1062,473
2016,"MUNICIPIO","2514602","3530",3233,1626,1607,855,1709,669,412,841,354
2016,"MUNICIPIO","2514651","1793",1684,849,835,459,898,327,236,436,163
2016,"MUNICIPIO","2514701","4135",4010,2042,1968,950,2151,909,476,1030,462
2016,"MUNICIPIO","2514800","3720",3985,1982,2003,1039,1913,1033,515,957,531
2016,"MUNICIPIO","2514909","7738",7748,3837,3911,1828,3821,2099,861,1951,1099
2016,"MUNICIPIO","2515005","7131",6696,3341,3355,1977,3493,1226,1007,1716,632
2016,"MUNICIPIO","2515104","11762",11041,5423,5618,2931,5685,2425,1433,2909,1276
2016,"MUNICIPIO","2515203","3469",3235,1616,1619,843,1638,754,406,808,405
2016,"MUNICIPIO","2515302","52463",50143,24653,25490,13176,26599,10368,6454,13485,5551
2016,"MUNICIPIO","2515401","10994",10230,5261,4969,3053,5397,1780,1482,2592,895
2016,"MUNICIPIO","2515500","13637",12973,6334,6639,3015,6484,3474,1493,3267,1879
2016,"MUNICIPIO","2515609","3137",3204,1595,1609,862,1608,734,428,786,395
2016,"MUNICIPIO","2515708","3089",2975,1502,1473,778,1584,613,389,758,326
2016,"MUNICIPIO","2515807","7036",7050,3359,3691,1796,3510,1744,936,1776,979
2016,"MUNICIPIO","2515906","6123",6238,3092,3146,1816,2955,1467,887,1477,782
2016,"MUNICIPIO","2515930","4969",4395,2143,2252,1156,2172,1067,564,1109,579
2016,"MUNICIPIO","2515971","7754",7373,3679,3694,1896,4031,1446,887,2056,751
2016,"MUNICIPIO","2516003","26551",26693,12764,13929,7096,13359,6238,3467,6952,3510
2016,"MUNICIPIO","2516102","14853",13739,6770,6969,3656,7185,2898,1823,3565,1581
2016,"MUNICIPIO","2516151","3522",3169,1581,1588,929,1608,632,468,809,311
2016,"MUNICIPIO","2516201","69196",65803,31798,34005,15712,36109,13982,7685,18419,7901
2016,"MUNICIPIO","2516300","16872",16060,7927,8133,3668,8484,3908,1808,4271,2054
2016,"MUNICIPIO","2516409","10896",10262,5162,5100,2501,5611,2150,1182,2745,1173
2016,"MUNICIPIO","2516508","15193",14936,7346,7590,3985,7558,3393,1924,3789,1877
2016,"MUNICIPIO","2516607","14615",14103,7034,7069,3961,7348,2794,1901,3655,1513
2016,"MUNICIPIO","2516706","15085",14153,6934,7219,4081,7400,2672,2018,3740,1461
2016,"MUNICIPIO","2516755","3039",2813,1466,1347,761,1529,523,355,725,267
2016,"MUNICIPIO","2516805","9465",9220,4570,4650,2360,4660,2200,1117,2372,1161
2016,"MUNICIPIO","2516904","15307",14584,7011,7573,3330,7530,3724,1664,3852,2057
2016,"MUNICIPIO","2517001","9901",9298,4509,4789,2511,4688,2099,1246,2381,1162
2016,"MUNICIPIO","2517100","2784",2504,1268,1236,556,1297,651,275,634,327
2016,"MUNICIPIO","2517209","5327",5045,2538,2507,1125,2525,1395,527,1245,735
2016,"MUNICIPIO","2517407","2227",2075,1051,1024,548,1063,464,246,515,263
