"ANO","NIVEL","CODMUNRES","TO","TORC","TORCR","TO_NN","TO_N","TO_CB_I","TO_CB_N","TO_CB_C","TO_CB_R","TO_CB_O","TO_M","TO_F","TO_F_IF","TO_FT","TO_NT","TO_NT_P","TO_NT_T","TO_PNT","TONT_B","TONT_PT","TONT_A","TONT_PD","TONT_I","TO_MT","TO_MT_DG","TO_MT_PT","TO_MT_AB","TO_MT_42","TO_MT_43","TO_MT_P","TO_MT_P_I","TO_MT_P_ES","TO_MT_P_EFI","TO_MT_P_EFII","TO_MT_P_EM","TO_MT_P_ESI","TO_MT_P_ESC"
2016,"UF","33",28041,0,0,3156,24885,1260,3856,8208,3246,8315,15225,12807,1314,0,336,226,110,232,70,2,0,244,2,53,10,7,1,26,9,44,42,1,0,0,0,1,2
2016,"MUNICIPIO","250000",26,0,0,18,8,2,1,1,2,2,21,2,0,0,0,0,0,0,0,0,0,0,0,0,0,0,0,0,0,0,0,0,0,0,0,0,0
2016,"MUNICIPIO","250010",78,0,0,5,73,1,11,32,11,18,46,32,4,0,1,0,1,0,0,0,0,1,0,0,0,0,0,0,0,0,0,0,0,0,0,0,0
2016,"MUNICIPIO","250020",38,0,0,6,32,1,5,13,8,5,22,16,1,0,0,0,0,0,0,0,0,0,0,0,0,0,0,0,0,0,0,0,0,0,0,0,0
2016,"MUNICIPIO","250030",234,0,0,11,223,16,25,77,29,76,115,119,10,0,2,2,0,4,0,0,0,2,0,0,0,0,0,0,0,0,0,0,0,0,0,0,0
2016,"MUNICIPIO","250040",148,0,0,23,125,3,15,46,8,53,85,63,10,0,3,2,1,3,2,0,0,1,0,0,0,0,0,0,0,0,0,0,0,0,0,0,0
2016,"MUNICIPIO","250050",105,0,0,8,97,5,15,36,15,26,55,50,4,0,2,1,1,1,0,0,0,2,0,0,0,0,0,0,0,0,0,0,0,0,0,0,0
2016,"MUNICIPIO","250053",44,0,0,2,42,2,7,11,7,15,29,15,1,0,0,0,0,0,0,0,0,0,0,0,0,0,0,0,0,0,0,0,0,0,0,0,0
2016,"MUNICIPIO","250057",12,0,0,1,11,1,3,2,2,3,5,7,0,0,2,0,2,0,0,0,0,2,0,0,0,0,0,0,0,0,0,0,0,0,0,0,0
2016,"MUNICIPIO","250060",146,0,0,30,116,4,22,47,9,34,95,51,7,0,2,0,2,0,0,0,0,2,0,0,0,0,0,0,0,0,0,0,0,0,0,0,0
2016,"MUNICIPIO","250070",117,0,0,7,110,6,14,38,25,27,66,51,5,0,2,1,1,1,0,0,0,2,0,0,0,0,0,0,0,0,0,0,0,0,0,0,0
2016,"MUNICIPIO","250073",20,0,0,2,18,1,3,6,2,6,10,10,2,0,0,0,0,0,0,0,0,0,0,1,0,0,0,1,0,1,1,0,0,0,0,0,0
2016,"MUNICIPIO","250077",84,0,0,11,73,9,11,21,15,17,57,27,1,0,0,0,0,1,0,0,0,0,0,0,0,0,0,0,0,0,0,0,0,0,0,0,0
2016,"MUNICIPIO","250080",128,0,0,14,114,5,17,50,9,33,60,68,8,0,0,0,0,3,0,0,0,0,0,0,0,0,0,0,0,0,0,0,0,0,0,0,0
2016,"MUNICIPIO","250090",129,0,0,14,115,7,8,29,3,68,66,63,8,0,1,1,0,0,0,0,0,1,0,0,0,0,0,0,0,0,0,0,0,0,0,0,0
2016,"MUNICIPIO","250100",92,0,0,20,72,5,9,24,8,26,56,36,7,0,1,1,0,2,0,0,0,1,0,1,1,0,0,0,0,1,1,0,0,0,0,0,0
2016,"MUNICIPIO","250110",177,0,0,16,161,3,24,65,6,63,103,74,8,0,3,1,2,2,1,0,0,1,0,1,0,1,0,0,0,1,1,0,0,0,0,0,0
2016,"MUNICIPIO","250115",8,0,0,3,5,0,0,2,2,1,4,4,0,0,0,0,0,0,0,0,0,0,0,0,0,0,0,0,0,0,0,0,0,0,0,0,0
2016,"MUNICIPIO","250120",52,0,0,4,48,3,3,13,2,27,23,29,3,0,2,1,1,2,1,0,0,1,0,1,0,0,0,1,0,1,1,0,0,0,0,0,1
2016,"MUNICIPIO","250130",156,0,0,15,141,4,19,51,14,53,80,76,6,0,2,1,1,0,0,0,0,2,0,0,0,0,0,0,0,0,0,0,0,0,0,0,0
2016,"MUNICIPIO","250135",29,0,0,4,25,0,4,9,2,10,20,9,1,0,0,0,0,0,0,0,0,0,0,1,0,1,0,0,0,1,1,0,0,0,0,0,0
2016,"MUNICIPIO","250140",23,0,0,2,21,3,1,7,5,5,15,8,1,0,1,1,0,0,0,0,0,0,1,0,0,0,0,0,0,0,0,0,0,0,0,0,0
2016,"MUNICIPIO","250150",167,0,0,20,147,7,23,53,18,46,102,65,4,0,0,0,0,2,0,0,0,0,0,0,0,0,0,0,0,0,0,0,0,0,0,0,0
2016,"MUNICIPIO","250153",30,0,0,4,26,1,7,12,2,4,19,11,0,0,1,1,0,0,0,0,0,1,0,0,0,0,0,0,0,0,0,0,0,0,0,0,0
2016,"MUNICIPIO","250157",61,0,0,7,54,0,3,11,5,35,31,30,2,0,0,0,0,0,0,0,0,0,0,0,0,0,0,0,0,0,0,0,0,0,0,0,0
2016,"MUNICIPIO","250160",85,0,0,8,77,3,15,24,15,20,57,28,5,0,0,0,0,0,0,0,0,0,0,0,0,0,0,0,0,0,0,0,0,0,0,0,0
2016,"MUNICIPIO","250170",38,0,0,2,36,2,7,9,2,16,19,19,1,0,0,0,0,1,0,0,0,0,0,0,0,0,0,0,0,0,0,0,0,0,0,0,0
2016,"MUNICIPIO","250180",644,0,0,73,571,35,77,210,77,172,334,309,42,0,10,7,3,4,2,0,0,6,0,0,0,0,0,0,0,0,0,0,0,0,0,0,0
2016,"MUNICIPIO","250190",165,0,0,21,144,2,11,68,19,44,82,83,4,0,0,0,0,1,0,0,0,0,0,0,0,0,0,0,0,0,0,0,0,0,0,0,0
2016,"MUNICIPIO","250200",44,0,0,2,42,5,7,9,7,14,20,24,1,0,1,0,1,0,1,0,0,0,0,0,0,0,0,0,0,0,0,0,0,0,0,0,0
2016,"MUNICIPIO","250205",26,0,0,2,24,0,4,4,2,14,17,9,2,0,3,2,1,2,0,0,0,3,0,0,0,0,0,0,0,0,0,0,0,0,0,0,0
2016,"MUNICIPIO","250210",51,0,0,4,47,3,5,16,7,16,28,23,1,0,1,1,0,0,1,0,0,0,0,0,0,0,0,0,0,0,0,0,0,0,0,0,0
2016,"MUNICIPIO","250215",44,0,0,5,39,2,4,14,5,14,22,22,3,0,1,1,0,0,0,0,0,0,1,0,0,0,0,0,0,0,0,0,0,0,0,0,0
2016,"MUNICIPIO","250220",23,0,0,3,20,1,2,3,8,6,14,9,0,0,0,0,0,0,0,0,0,0,0,0,0,0,0,0,0,0,0,0,0,0,0,0,0
2016,"MUNICIPIO","250230",30,0,0,3,27,1,5,8,4,9,19,11,0,0,0,0,0,0,0,0,0,0,0,0,0,0,0,0,0,0,0,0,0,0,0,0,0
2016,"MUNICIPIO","250240",66,0,0,8,58,3,10,16,11,18,41,25,7,0,1,0,1,0,0,0,0,1,0,0,0,0,0,0,0,0,0,0,0,0,0,0,0
2016,"MUNICIPIO","250250",111,0,0,15,96,2,14,41,9,30,64,47,3,0,1,0,1,1,0,0,0,1,0,0,0,0,0,0,0,0,0,0,0,0,0,0,0
2016,"MUNICIPIO","250260",41,0,0,3,38,2,0,10,5,21,23,18,1,0,0,0,0,1,0,0,0,0,0,0,0,0,0,0,0,0,0,0,0,0,0,0,0
2016,"MUNICIPIO","250270",40,0,0,6,34,2,7,5,1,19,19,21,2,0,0,0,0,0,0,0,0,0,0,0,0,0,0,0,0,0,0,0,0,0,0,0,0
2016,"MUNICIPIO","250280",92,0,0,19,73,6,19,15,12,21,49,43,5,0,0,0,0,0,0,0,0,0,0,0,0,0,0,0,0,0,0,0,0,0,0,0,0
2016,"MUNICIPIO","250290",38,0,0,10,28,9,5,7,3,4,23,15,2,0,0,0,0,0,0,0,0,0,0,0,0,0,0,0,0,0,0,0,0,0,0,0,0
2016,"MUNICIPIO","250300",142,0,0,21,121,6,10,45,12,48,88,54,3,0,6,4,2,2,1,0,0,5,0,1,0,1,0,0,0,1,1,0,0,0,0,0,0
2016,"MUNICIPIO","250310",27,0,0,3,24,0,3,10,3,8,15,12,1,0,0,0,0,0,0,0,0,0,0,0,0,0,0,0,0,0,0,0,0,0,0,0,0
2016,"MUNICIPIO","250320",376,0,0,54,322,20,60,108,34,100,205,171,27,0,4,3,1,7,0,1,0,3,0,0,0,0,0,0,0,0,0,0,0,0,0,0,0
2016,"MUNICIPIO","250330",63,0,0,7,56,5,15,14,8,14,42,21,4,0,1,1,0,0,0,0,0,1,0,0,0,0,0,0,0,0,0,0,0,0,0,0,0
2016,"MUNICIPIO","250340",18,0,0,5,13,1,0,1,4,7,11,7,2,0,0,0,0,0,0,0,0,0,0,0,0,0,0,0,0,0,0,0,0,0,0,0,0
2016,"MUNICIPIO","250350",118,0,0,12,106,9,16,33,12,36,78,40,1,0,2,1,1,1,1,0,0,1,0,1,0,0,0,1,0,1,1,0,0,0,0,0,0
2016,"MUNICIPIO","250355",54,0,0,4,50,3,8,14,2,23,26,28,4,0,2,1,1,1,0,0,0,2,0,0,0,0,0,0,0,0,0,0,0,0,0,0,0
2016,"MUNICIPIO","250360",64,0,0,2,62,2,8,15,13,24,30,34,5,0,2,0,2,0,0,0,0,2,0,1,0,0,0,0,1,0,0,0,0,0,0,0,0
2016,"MUNICIPIO","250370",530,0,0,40,490,33,84,111,71,191,292,238,19,0,2,1,1,4,0,0,0,2,0,3,1,1,0,1,0,3,2,0,0,0,0,0,0
2016,"MUNICIPIO","250375",14,0,0,1,13,1,0,4,3,5,9,5,0,0,1,1,0,0,0,0,0,1,0,0,0,0,0,0,0,0,0,0,0,0,0,0,0
2016,"MUNICIPIO","250380",53,0,0,11,42,0,8,14,8,12,34,19,4,0,0,0,0,0,0,0,0,0,0,0,0,0,0,0,0,0,0,0,0,0,0,0,0
2016,"MUNICIPIO","250390",51,0,0,6,45,1,6,16,3,19,30,21,4,0,0,0,0,0,0,0,0,0,0,0,0,0,0,0,0,0,0,0,0,0,0,0,0
2016,"MUNICIPIO","250400",2861,0,0,286,2575,76,473,758,247,1021,1494,1367,136,0,51,36,15,16,8,0,0,41,0,6,0,3,0,1,2,4,4,0,0,0,0,0,0
2016,"MUNICIPIO","250403",26,0,0,3,23,2,4,5,4,8,14,12,2,0,1,1,0,0,0,0,0,1,0,0,0,0,0,0,0,0,0,0,0,0,0,0,0
2016,"MUNICIPIO","250407",33,0,0,5,28,1,4,8,4,11,16,17,3,0,0,0,0,0,0,0,0,0,0,0,0,0,0,0,0,0,0,0,0,0,0,0,0
2016,"MUNICIPIO","250410",14,0,0,2,12,1,4,1,3,3,10,4,0,0,0,0,0,0,0,0,0,0,0,0,0,0,0,0,0,0,0,0,0,0,0,0,0
2016,"MUNICIPIO","250415",48,0,0,9,39,2,7,15,3,12,27,21,1,0,0,0,0,1,0,0,0,0,0,0,0,0,0,0,0,0,0,0,0,0,0,0,0
2016,"MUNICIPIO","250420",29,0,0,1,28,2,4,10,9,3,14,15,0,0,0,0,0,0,0,0,0,0,0,0,0,0,0,0,0,0,0,0,0,0,0,0,0
2016,"MUNICIPIO","250430",225,0,0,31,194,9,41,52,27,65,121,104,10,0,2,2,0,1,0,0,0,2,0,1,0,0,0,1,0,1,1,0,0,0,0,0,0
2016,"MUNICIPIO","250435",43,0,0,2,41,2,14,10,2,13,21,22,5,0,2,2,0,1,1,0,0,1,0,0,0,0,0,0,0,0,0,0,0,0,0,0,0
2016,"MUNICIPIO","250440",153,0,0,23,130,9,10,29,11,71,90,63,5,0,1,1,0,0,0,0,0,1,0,1,0,0,0,1,0,1,1,0,0,0,0,0,0
2016,"MUNICIPIO","250450",43,0,0,3,40,3,6,19,5,7,25,18,3,0,0,0,0,0,0,0,0,0,0,0,0,0,0,0,0,0,0,0,0,0,0,0,0
2016,"MUNICIPIO","250460",146,0,0,24,122,7,21,37,17,40,92,54,9,0,1,0,1,3,1,0,0,0,0,2,0,0,0,2,0,2,2,0,0,0,0,0,0
2016,"MUNICIPIO","250470",42,0,0,4,38,2,3,13,4,16,27,15,1,0,1,1,0,0,0,0,0,1,0,0,0,0,0,0,0,0,0,0,0,0,0,0,0
2016,"MUNICIPIO","250480",121,0,0,17,104,3,10,45,18,28,69,52,4,0,0,0,0,0,0,0,0,0,0,0,0,0,0,0,0,0,0,0,0,0,0,0,0
2016,"MUNICIPIO","250485",12,0,0,1,11,0,1,4,3,3,7,5,1,0,0,0,0,0,0,0,0,0,0,0,0,0,0,0,0,0,0,0,0,0,0,0,0
2016,"MUNICIPIO","250490",108,0,0,14,94,6,10,33,16,29,61,47,10,0,0,0,0,1,0,0,0,0,0,1,1,0,0,0,0,1,1,0,0,0,0,0,0
2016,"MUNICIPIO","250500",44,0,0,8,36,2,1,14,4,15,31,13,2,0,0,0,0,1,0,0,0,0,0,0,0,0,0,0,0,0,0,0,0,0,0,0,0
2016,"MUNICIPIO","250510",140,0,0,12,128,5,22,40,13,48,90,50,5,0,0,0,0,0,0,0,0,0,0,0,0,0,0,0,0,0,0,0,0,0,0,0,0
2016,"MUNICIPIO","250520",52,0,0,5,47,3,3,25,2,14,22,30,3,0,0,0,0,1,0,0,0,0,0,1,1,0,0,0,0,1,1,0,0,0,0,0,0
2016,"MUNICIPIO","250523",54,0,0,5,49,2,4,22,5,16,27,27,7,0,0,0,0,0,0,0,0,0,0,1,0,0,0,1,0,1,1,0,0,0,0,0,0
2016,"MUNICIPIO","250527",29,0,0,1,28,3,4,7,3,11,14,15,1,0,1,0,1,0,0,0,0,1,0,0,0,0,0,0,0,0,0,0,0,0,0,0,0
2016,"MUNICIPIO","250530",10,0,0,0,10,1,0,6,2,1,4,6,1,0,0,0,0,0,0,0,0,0,0,0,0,0,0,0,0,0,0,0,0,0,0,0,0
2016,"MUNICIPIO","250535",26,0,0,6,20,0,2,5,2,11,13,13,1,0,0,0,0,0,0,0,0,0,0,0,0,0,0,0,0,0,0,0,0,0,0,0,0
2016,"MUNICIPIO","250540",58,0,0,5,53,1,2,29,5,16,33,25,2,0,0,0,0,1,0,0,0,0,0,1,0,0,0,0,1,0,0,0,0,0,0,0,0
2016,"MUNICIPIO","250550",22,0,0,3,19,1,1,7,3,7,13,9,0,0,0,0,0,0,0,0,0,0,0,0,0,0,0,0,0,0,0,0,0,0,0,0,0
2016,"MUNICIPIO","250560",37,0,0,2,35,0,3,5,5,22,22,15,0,0,1,0,1,0,0,0,0,1,0,0,0,0,0,0,0,0,0,0,0,0,0,0,0
2016,"MUNICIPIO","250570",66,0,0,4,62,5,7,24,9,17,30,36,1,0,0,0,0,1,0,0,0,0,0,0,0,0,0,0,0,0,0,0,0,0,0,0,0
2016,"MUNICIPIO","250580",27,0,0,5,22,1,3,8,3,7,17,10,2,0,0,0,0,0,0,0,0,0,0,0,0,0,0,0,0,0,0,0,0,0,0,0,0
2016,"MUNICIPIO","250590",21,0,0,3,18,1,1,9,2,5,11,10,3,0,0,0,0,0,0,0,0,0,0,0,0,0,0,0,0,0,0,0,0,0,0,0,0
2016,"MUNICIPIO","250600",299,0,0,26,273,6,44,113,26,84,170,129,11,0,2,1,1,2,0,0,0,2,0,0,0,0,0,0,0,0,0,0,0,0,0,0,0
2016,"MUNICIPIO","250610",96,0,0,4,92,1,10,20,8,53,45,51,3,0,0,0,0,0,0,0,0,0,0,0,0,0,0,0,0,0,0,0,0,0,0,0,0
2016,"MUNICIPIO","250620",27,0,0,1,26,1,5,6,4,10,14,13,3,0,1,0,1,0,1,0,0,0,0,0,0,0,0,0,0,0,0,0,0,0,0,0,0
2016,"MUNICIPIO","250625",46,0,0,4,42,0,2,19,4,17,22,24,0,0,2,1,1,0,1,0,0,1,0,0,0,0,0,0,0,0,0,0,0,0,0,0,0
2016,"MUNICIPIO","250630",461,0,0,43,418,14,55,152,58,139,268,193,15,0,4,3,1,7,1,0,0,3,0,1,0,0,0,1,0,1,1,0,0,0,0,0,1
2016,"MUNICIPIO","250640",104,0,0,8,96,1,16,40,10,29,51,53,5,0,2,1,1,1,0,0,0,2,0,1,0,0,0,1,0,1,1,0,0,0,0,0,0
2016,"MUNICIPIO","250650",27,0,0,1,26,0,2,14,2,8,13,14,2,0,0,0,0,0,0,0,0,0,0,0,0,0,0,0,0,0,0,0,0,0,0,0,0
2016,"MUNICIPIO","250660",46,0,0,3,43,2,6,20,1,14,20,26,2,0,1,1,0,0,1,0,0,0,0,0,0,0,0,0,0,0,0,0,0,0,0,0,0
2016,"MUNICIPIO","250670",60,0,0,10,50,4,5,14,5,22,32,28,8,0,0,0,0,1,0,0,0,0,0,0,0,0,0,0,0,0,0,0,0,0,0,0,0
2016,"MUNICIPIO","250680",145,0,0,11,134,3,20,38,13,60,79,66,3,0,0,0,0,2,0,0,0,0,0,0,0,0,0,0,0,0,0,0,0,0,0,0,0
2016,"MUNICIPIO","250690",219,0,0,27,192,9,23,69,38,53,109,110,13,0,0,0,0,4,0,0,0,0,0,1,1,0,0,0,0,1,1,0,0,0,0,0,0
2016,"MUNICIPIO","250700",169,0,0,20,149,5,18,33,25,68,92,77,11,0,1,1,0,3,0,0,0,1,0,0,0,0,0,0,0,0,0,0,0,0,0,0,0
2016,"MUNICIPIO","250710",114,0,0,11,103,3,7,47,12,34,61,53,6,0,0,0,0,0,0,0,0,0,0,0,0,0,0,0,0,0,0,0,0,0,0,0,0
2016,"MUNICIPIO","250720",61,0,0,2,59,2,7,12,5,33,27,34,1,0,0,0,0,0,0,0,0,0,0,1,0,0,0,1,0,1,1,0,0,0,0,0,0
2016,"MUNICIPIO","250730",106,0,0,13,93,7,8,36,12,30,56,50,4,0,2,1,1,0,1,0,0,0,0,0,0,0,0,0,0,0,0,0,0,0,0,0,0
2016,"MUNICIPIO","250740",58,0,0,5,53,1,7,17,17,11,41,17,1,0,0,0,0,0,0,0,0,0,0,0,0,0,0,0,0,0,0,0,0,0,0,0,0
2016,"MUNICIPIO","250750",5278,0,0,651,4627,255,879,1453,661,1379,2768,2510,261,0,79,56,23,47,23,0,0,47,0,10,3,0,0,4,3,7,7,0,0,0,0,0,0
2016,"MUNICIPIO","250760",51,0,0,6,45,5,6,13,5,16,25,26,6,0,0,0,0,0,0,0,0,0,0,0,0,0,0,0,0,0,0,0,0,0,0,0,0
2016,"MUNICIPIO","250770",151,0,0,24,127,6,23,36,12,50,85,66,6,0,3,2,1,1,1,0,0,2,0,0,0,0,0,0,0,0,0,0,0,0,0,0,0
2016,"MUNICIPIO","250780",40,0,0,5,35,1,9,12,7,6,30,10,0,0,0,0,0,0,0,0,0,0,0,0,0,0,0,0,0,0,0,0,0,0,0,0,0
2016,"MUNICIPIO","250790",92,0,0,7,85,2,11,44,9,19,52,40,3,0,0,0,0,0,0,0,0,0,0,0,0,0,0,0,0,0,0,0,0,0,0,0,0
2016,"MUNICIPIO","250800",57,0,0,4,53,3,7,19,6,18,35,22,0,0,0,0,0,0,0,0,0,0,0,0,0,0,0,0,0,0,0,0,0,0,0,0,0
2016,"MUNICIPIO","250810",33,0,0,5,28,2,3,9,9,5,18,15,2,0,0,0,0,1,0,0,0,0,0,0,0,0,0,0,0,0,0,0,0,0,0,0,0
2016,"MUNICIPIO","250820",46,0,0,3,43,2,6,18,6,11,24,22,1,0,0,0,0,0,0,0,0,0,0,0,0,0,0,0,0,0,0,0,0,0,0,0,0
2016,"MUNICIPIO","250830",189,0,0,19,170,2,26,49,14,79,98,91,12,0,4,4,0,1,0,0,0,4,0,1,0,0,0,1,0,1,1,0,0,0,0,0,0
2016,"MUNICIPIO","250840",23,0,0,2,21,0,3,10,3,5,14,9,0,0,0,0,0,0,0,0,0,0,0,0,0,0,0,0,0,0,0,0,0,0,0,0,0
2016,"MUNICIPIO","250850",37,0,0,5,32,1,10,6,3,12,18,19,0,0,1,1,0,0,0,0,0,1,0,0,0,0,0,0,0,0,0,0,0,0,0,0,0
2016,"MUNICIPIO","250855",25,0,0,2,23,0,2,9,4,8,15,10,1,0,0,0,0,0,0,0,0,0,0,0,0,0,0,0,0,0,0,0,0,0,0,0,0
2016,"MUNICIPIO","250860",96,0,0,16,80,5,11,22,8,34,66,30,3,0,3,1,2,2,0,0,0,3,0,0,0,0,0,0,0,0,0,0,0,0,0,0,0
2016,"MUNICIPIO","250870",22,0,0,3,19,3,1,8,2,5,14,8,0,0,0,0,0,0,0,0,0,0,0,0,0,0,0,0,0,0,0,0,0,0,0,0,0
2016,"MUNICIPIO","250880",58,0,0,5,53,3,11,17,8,14,31,27,4,0,0,0,0,0,0,0,0,0,0,0,0,0,0,0,0,0,0,0,0,0,0,0,0
2016,"MUNICIPIO","250890",253,0,0,41,212,16,21,78,34,63,134,118,12,0,5,3,2,4,1,0,0,4,0,0,0,0,0,0,0,0,0,0,0,0,0,0,0
2016,"MUNICIPIO","250900",72,0,0,9,63,4,7,17,15,20,37,35,2,0,1,0,1,0,0,0,0,1,0,0,0,0,0,0,0,0,0,0,0,0,0,0,0
2016,"MUNICIPIO","250905",50,0,0,8,42,2,2,18,7,13,28,22,1,0,0,0,0,1,0,0,0,0,0,0,0,0,0,0,0,0,0,0,0,0,0,0,0
2016,"MUNICIPIO","250910",163,0,0,24,139,10,12,32,13,72,88,75,6,0,0,0,0,0,0,0,0,0,0,1,1,0,0,0,0,1,1,0,0,0,0,0,0
2016,"MUNICIPIO","250915",51,0,0,9,42,5,10,13,6,8,26,25,1,0,0,0,0,1,0,0,0,0,0,0,0,0,0,0,0,0,0,0,0,0,0,0,0
2016,"MUNICIPIO","250920",103,0,0,12,91,4,16,32,5,34,58,45,7,0,2,2,0,0,0,0,0,2,0,0,0,0,0,0,0,0,0,0,0,0,0,0,0
2016,"MUNICIPIO","250930",37,0,0,7,30,3,0,13,2,12,22,15,2,0,3,2,1,0,0,0,0,1,0,0,0,0,0,0,0,0,0,0,0,0,0,0,0
2016,"MUNICIPIO","250933",17,0,0,0,17,0,3,8,0,6,9,8,1,0,1,1,0,0,0,0,0,1,0,0,0,0,0,0,0,0,0,0,0,0,0,0,0
2016,"MUNICIPIO","250937",14,0,0,0,14,0,2,3,2,7,8,6,1,0,0,0,0,0,0,0,0,0,0,0,0,0,0,0,0,0,0,0,0,0,0,0,0
2016,"MUNICIPIO","250939",57,0,0,5,52,2,7,14,6,23,31,26,5,0,0,0,0,1,0,0,0,0,0,1,0,0,0,1,0,1,1,0,0,0,0,0,0
2016,"MUNICIPIO","250940",60,0,0,6,54,6,10,17,10,11,31,29,1,0,0,0,0,1,0,0,0,0,0,0,0,0,0,0,0,0,0,0,0,0,0,0,0
2016,"MUNICIPIO","250950",42,0,0,8,34,0,5,11,2,16,31,11,1,0,0,0,0,2,0,0,0,0,0,0,0,0,0,0,0,0,0,0,0,0,0,0,0
2016,"MUNICIPIO","250960",43,0,0,2,41,4,4,14,6,13,18,25,2,0,0,0,0,0,0,0,0,0,0,0,0,0,0,0,0,0,0,0,0,0,0,0,0
2016,"MUNICIPIO","250970",266,0,0,33,233,11,42,96,24,60,135,131,7,0,5,5,0,2,1,0,0,4,0,0,0,0,0,0,0,0,0,0,0,0,0,0,0
2016,"MUNICIPIO","250980",81,0,0,12,69,4,5,21,10,29,40,41,1,0,1,1,0,0,0,0,0,1,0,0,0,0,0,0,0,0,0,0,0,0,0,0,0
2016,"MUNICIPIO","250990",49,0,0,5,44,1,5,15,7,16,26,23,1,0,1,1,0,1,1,0,0,0,0,1,0,0,0,0,1,0,0,0,0,0,0,0,0
2016,"MUNICIPIO","251000",55,0,0,8,47,2,5,19,8,13,30,25,0,0,0,0,0,2,0,0,0,0,0,0,0,0,0,0,0,0,0,0,0,0,0,0,0
2016,"MUNICIPIO","251010",84,0,0,10,74,5,9,22,8,30,49,35,1,0,3,1,2,1,1,0,0,2,0,0,0,0,0,0,0,0,0,0,0,0,0,0,0
2016,"MUNICIPIO","251020",54,0,0,10,44,4,6,15,2,17,30,24,4,0,3,1,2,0,0,0,0,3,0,0,0,0,0,0,0,0,0,0,0,0,0,0,0
2016,"MUNICIPIO","251030",19,0,0,1,18,3,2,4,5,4,10,9,1,0,0,0,0,0,0,0,0,0,0,0,0,0,0,0,0,0,0,0,0,0,0,0,0
2016,"MUNICIPIO","251040",46,0,0,2,44,1,9,14,5,15,29,17,1,0,0,0,0,0,0,0,0,0,0,0,0,0,0,0,0,0,0,0,0,0,0,0,0
2016,"MUNICIPIO","251050",23,0,0,3,20,0,3,5,4,8,13,10,0,0,1,1,0,1,1,0,0,0,0,0,0,0,0,0,0,0,0,0,0,0,0,0,0
2016,"MUNICIPIO","251060",29,0,0,1,28,2,4,3,2,17,19,10,0,0,1,1,0,1,1,0,0,0,0,0,0,0,0,0,0,0,0,0,0,0,0,0,0
2016,"MUNICIPIO","251065",11,0,0,0,11,0,2,1,0,8,8,3,1,0,0,0,0,0,0,0,0,0,0,0,0,0,0,0,0,0,0,0,0,0,0,0,0
2016,"MUNICIPIO","251070",21,0,0,5,16,1,2,6,1,6,12,9,0,0,1,1,0,0,0,0,0,1,0,0,0,0,0,0,0,0,0,0,0,0,0,0,0
2016,"MUNICIPIO","251080",732,0,0,62,670,51,101,244,111,163,383,349,42,0,5,2,3,7,2,0,0,3,0,0,0,0,0,0,0,0,0,0,0,0,0,0,0
2016,"MUNICIPIO","251090",82,0,0,17,65,2,7,23,13,20,49,33,6,0,0,0,0,1,0,0,0,0,0,0,0,0,0,0,0,0,0,0,0,0,0,0,0
2016,"MUNICIPIO","251100",19,0,0,2,17,0,1,3,2,11,11,8,3,0,2,0,2,1,1,0,0,1,0,0,0,0,0,0,0,0,0,0,0,0,0,0,0
2016,"MUNICIPIO","251110",44,0,0,4,40,4,12,10,7,7,24,20,6,0,0,0,0,0,0,0,0,0,0,0,0,0,0,0,0,0,0,0,0,0,0,0,0
2016,"MUNICIPIO","251120",206,0,0,22,184,6,31,63,31,53,103,103,10,0,1,1,0,0,0,0,0,1,0,1,0,0,0,1,0,1,1,0,0,0,0,0,0
2016,"MUNICIPIO","251130",128,0,0,14,114,5,15,38,21,35,70,58,5,0,0,0,0,0,0,0,0,0,0,0,0,0,0,0,0,0,0,0,0,0,0,0,0
2016,"MUNICIPIO","251140",145,0,0,8,137,6,28,37,25,41,74,71,6,0,1,1,0,3,1,0,0,0,0,0,0,0,0,0,0,0,0,0,0,0,0,0,0
2016,"MUNICIPIO","251150",91,0,0,6,85,4,18,32,13,18,44,46,2,0,1,1,0,1,0,0,0,1,0,0,0,0,0,0,0,0,0,0,0,0,0,0,0
2016,"MUNICIPIO","251160",58,0,0,6,52,2,5,29,7,9,29,29,3,0,0,0,0,0,0,0,0,0,0,0,0,0,0,0,0,0,0,0,0,0,0,0,0
2016,"MUNICIPIO","251170",27,0,0,0,27,0,1,10,2,14,13,14,3,0,0,0,0,0,0,0,0,0,0,1,1,0,0,0,0,1,1,1,0,0,0,0,0
2016,"MUNICIPIO","251180",83,0,0,14,69,1,6,13,11,38,49,34,6,0,2,1,1,0,1,0,0,1,0,0,0,0,0,0,0,0,0,0,0,0,0,0,0
2016,"MUNICIPIO","251190",109,0,0,20,89,3,12,35,9,30,68,41,10,0,2,0,2,1,0,0,0,2,0,0,0,0,0,0,0,0,0,0,0,0,0,0,0
2016,"MUNICIPIO","251200",130,0,0,19,111,3,23,31,7,47,73,57,4,0,2,2,0,2,1,0,0,1,0,2,0,0,1,1,0,2,1,0,0,0,0,0,0
2016,"MUNICIPIO","251203",18,0,0,1,17,0,4,5,1,7,11,7,0,0,1,1,0,1,1,0,0,0,0,0,0,0,0,0,0,0,0,0,0,0,0,0,0
2016,"MUNICIPIO","251207",31,0,0,4,27,2,4,10,1,10,19,12,2,0,1,0,1,0,0,0,0,1,0,1,0,0,0,1,0,1,1,0,0,0,0,0,0
2016,"MUNICIPIO","251210",242,0,0,22,220,19,38,68,42,53,125,117,13,0,0,0,0,0,0,0,0,0,0,0,0,0,0,0,0,0,0,0,0,0,0,0,0
2016,"MUNICIPIO","251220",24,0,0,2,22,3,3,6,3,7,13,11,0,0,0,0,0,0,0,0,0,0,0,0,0,0,0,0,0,0,0,0,0,0,0,0,0
2016,"MUNICIPIO","251230",143,0,0,9,134,6,18,52,22,36,83,60,2,0,0,0,0,1,0,0,0,0,0,0,0,0,0,0,0,0,0,0,0,0,0,0,0
2016,"MUNICIPIO","251240",85,0,0,12,73,1,10,20,4,38,42,43,6,0,2,1,1,0,0,0,0,2,0,0,0,0,0,0,0,0,0,0,0,0,0,0,0
2016,"MUNICIPIO","251250",293,0,0,33,260,9,58,78,27,88,152,141,17,0,5,5,0,0,0,0,0,5,0,1,0,0,0,1,0,1,1,0,0,0,0,0,0
2016,"MUNICIPIO","251260",12,0,0,1,11,0,4,2,3,2,6,6,3,0,0,0,0,0,0,0,0,0,0,0,0,0,0,0,0,0,0,0,0,0,0,0,0
2016,"MUNICIPIO","251270",158,0,0,9,149,2,17,55,17,58,91,67,8,0,0,0,0,2,0,0,0,0,0,1,0,0,0,1,0,1,1,0,0,0,0,0,0
2016,"MUNICIPIO","251272",43,0,0,6,37,1,5,14,4,13,28,15,1,0,0,0,0,1,0,0,0,0,0,0,0,0,0,0,0,0,0,0,0,0,0,0,0
2016,"MUNICIPIO","251274",19,0,0,2,17,0,2,6,1,8,7,12,1,0,0,0,0,0,0,0,0,0,0,0,0,0,0,0,0,0,0,0,0,0,0,0,0
2016,"MUNICIPIO","251275",31,0,0,3,28,1,2,7,1,17,20,11,1,0,0,0,0,1,0,0,0,0,0,0,0,0,0,0,0,0,0,0,0,0,0,0,0
2016,"MUNICIPIO","251276",31,0,0,4,27,1,8,8,2,8,21,10,1,0,1,1,0,0,0,0,0,1,0,0,0,0,0,0,0,0,0,0,0,0,0,0,0
2016,"MUNICIPIO","251278",18,0,0,2,16,1,2,3,3,7,9,9,1,0,0,0,0,1,0,0,0,0,0,0,0,0,0,0,0,0,0,0,0,0,0,0,0
2016,"MUNICIPIO","251280",53,0,0,3,50,3,7,14,7,19,27,26,0,0,0,0,0,2,0,0,0,0,0,0,0,0,0,0,0,0,0,0,0,0,0,0,0
2016,"MUNICIPIO","251290",171,0,0,21,150,13,12,64,16,45,68,103,9,0,1,1,0,1,0,0,0,1,0,0,0,0,0,0,0,0,0,0,0,0,0,0,0
2016,"MUNICIPIO","251300",15,0,0,0,15,0,1,9,0,5,10,5,0,0,0,0,0,0,0,0,0,0,0,0,0,0,0,0,0,0,0,0,0,0,0,0,0
2016,"MUNICIPIO","251310",99,0,0,7,92,5,12,28,10,37,51,48,6,0,1,1,0,0,0,0,0,1,0,0,0,0,0,0,0,0,0,0,0,0,0,0,0
2016,"MUNICIPIO","251315",36,0,0,4,32,2,2,15,2,11,20,16,0,0,0,0,0,0,0,0,0,0,0,0,0,0,0,0,0,0,0,0,0,0,0,0,0
2016,"MUNICIPIO","251320",51,0,0,4,47,1,13,15,11,7,32,19,0,0,1,0,1,0,0,0,0,1,0,0,0,0,0,0,0,0,0,0,0,0,0,0,0
2016,"MUNICIPIO","251330",38,0,0,1,37,1,5,10,10,11,14,24,2,0,0,0,0,0,0,0,0,0,0,0,0,0,0,0,0,0,0,0,0,0,0,0,0
2016,"MUNICIPIO","251335",12,0,0,0,12,1,0,7,1,3,7,5,1,0,1,1,0,1,0,0,0,1,0,0,0,0,0,0,0,0,0,0,0,0,0,0,0
2016,"MUNICIPIO","251340",147,0,0,17,130,9,15,40,21,45,77,70,7,0,2,1,1,0,1,0,0,1,0,0,0,0,0,0,0,0,0,0,0,0,0,0,0
2016,"MUNICIPIO","251350",28,0,0,5,23,2,0,12,4,5,15,13,0,0,1,1,0,0,0,0,0,1,0,0,0,0,0,0,0,0,0,0,0,0,0,0,0
2016,"MUNICIPIO","251360",49,0,0,6,43,1,10,18,3,11,28,21,3,0,1,1,0,0,0,0,0,1,0,0,0,0,0,0,0,0,0,0,0,0,0,0,0
2016,"MUNICIPIO","251365",19,0,0,1,18,0,1,7,3,7,12,7,0,0,0,0,0,0,0,0,0,0,0,0,0,0,0,0,0,0,0,0,0,0,0,0,0
2016,"MUNICIPIO","251370",1103,0,0,157,946,59,114,335,119,319,594,508,70,0,12,6,6,12,1,0,0,10,0,0,0,0,0,0,0,0,0,0,0,0,0,0,0
2016,"MUNICIPIO","251380",42,0,0,5,37,2,8,16,4,7,27,15,1,0,0,0,0,0,0,0,0,0,0,0,0,0,0,0,0,0,0,0,0,0,0,0,0
2016,"MUNICIPIO","251385",28,0,0,0,28,0,1,18,3,6,14,13,0,0,0,0,0,0,0,0,0,0,0,0,0,0,0,0,0,0,0,0,0,0,0,0,0
2016,"MUNICIPIO","251390",221,0,0,29,192,17,34,71,27,43,119,102,19,0,0,0,0,3,0,0,0,0,0,0,0,0,0,0,0,0,0,0,0,0,0,0,0
2016,"MUNICIPIO","251392",30,0,0,3,27,3,4,11,2,7,16,14,1,0,0,0,0,0,0,0,0,0,0,0,0,0,0,0,0,0,0,0,0,0,0,0,0
2016,"MUNICIPIO","251394",22,0,0,3,19,3,4,7,3,2,14,8,0,0,0,0,0,0,0,0,0,0,0,0,0,0,0,0,0,0,0,0,0,0,0,0,0
2016,"MUNICIPIO","251396",29,0,0,1,28,1,4,8,5,10,10,19,4,0,0,0,0,0,0,0,0,0,0,1,0,0,0,1,0,1,1,0,0,0,0,1,0
2016,"MUNICIPIO","251398",32,0,0,1,31,5,5,4,10,7,21,11,2,0,0,0,0,0,0,0,0,0,0,0,0,0,0,0,0,0,0,0,0,0,0,0,0
2016,"MUNICIPIO","251400",31,0,0,1,30,1,6,12,3,8,18,13,3,0,0,0,0,0,0,0,0,0,0,0,0,0,0,0,0,0,0,0,0,0,0,0,0
2016,"MUNICIPIO","251410",33,0,0,4,29,0,1,16,3,9,16,17,1,0,0,0,0,0,0,0,0,0,0,0,0,0,0,0,0,0,0,0,0,0,0,0,0
2016,"MUNICIPIO","251420",56,0,0,3,53,6,5,23,7,12,34,22,1,0,1,1,0,1,0,0,0,1,0,0,0,0,0,0,0,0,0,0,0,0,0,0,0
2016,"MUNICIPIO","251430",24,0,0,1,23,2,1,12,3,5,14,10,1,0,0,0,0,0,0,0,0,0,0,0,0,0,0,0,0,0,0,0,0,0,0,0,0
2016,"MUNICIPIO","251440",23,0,0,2,21,0,7,10,3,1,15,8,0,0,0,0,0,0,0,0,0,0,0,0,0,0,0,0,0,0,0,0,0,0,0,0,0
2016,"MUNICIPIO","251445",49,0,0,5,44,2,5,18,5,14,32,17,2,0,0,0,0,0,0,0,0,0,0,0,0,0,0,0,0,0,0,0,0,0,0,0,0
2016,"MUNICIPIO","251450",132,0,0,12,120,8,17,38,16,41,64,68,5,0,2,1,1,1,1,0,0,1,0,0,0,0,0,0,0,0,0,0,0,0,0,0,0
2016,"MUNICIPIO","251455",14,0,0,1,13,2,0,6,4,1,4,10,1,0,0,0,0,0,0,0,0,0,0,0,0,0,0,0,0,0,0,0,0,0,0,0,0
2016,"MUNICIPIO","251460",22,0,0,2,20,5,0,9,2,4,15,7,0,0,0,0,0,1,0,0,0,0,0,0,0,0,0,0,0,0,0,0,0,0,0,0,0
2016,"MUNICIPIO","251465",11,0,0,1,10,1,2,5,1,1,9,2,0,0,0,0,0,0,0,0,0,0,0,0,0,0,0,0,0,0,0,0,0,0,0,0,0
2016,"MUNICIPIO","251470",17,0,0,2,15,3,3,6,1,2,7,10,1,0,1,1,0,0,1,0,0,0,0,0,0,0,0,0,0,0,0,0,0,0,0,0,0
2016,"MUNICIPIO","251480",22,0,0,6,16,2,2,4,1,7,12,10,1,0,0,0,0,0,0,0,0,0,0,0,0,0,0,0,0,0,0,0,0,0,0,0,0
2016,"MUNICIPIO","251490",58,0,0,2,56,1,10,22,10,13,33,25,0,0,2,2,0,0,0,0,0,2,0,0,0,0,0,0,0,0,0,0,0,0,0,0,0
2016,"MUNICIPIO","251500",36,0,0,3,33,2,5,11,5,10,23,13,2,0,0,0,0,0,0,0,0,0,0,0,0,0,0,0,0,0,0,0,0,0,0,0,0
2016,"MUNICIPIO","251510",71,0,0,7,64,1,10,30,3,20,42,29,3,0,0,0,0,1,0,0,0,0,0,0,0,0,0,0,0,0,0,0,0,0,0,0,0
2016,"MUNICIPIO","251520",30,0,0,1,29,2,3,13,2,9,16,14,1,0,0,0,0,0,0,0,0,0,0,0,0,0,0,0,0,0,0,0,0,0,0,0,0
2016,"MUNICIPIO","251530",376,0,0,46,330,12,37,125,36,120,226,150,15,0,5,2,3,4,1,0,0,4,0,1,0,0,0,0,1,0,0,0,0,0,0,0,0
2016,"MUNICIPIO","251540",42,0,0,7,35,1,8,8,11,7,23,19,1,0,0,0,0,0,0,0,0,0,0,0,0,0,0,0,0,0,0,0,0,0,0,0,0
2016,"MUNICIPIO","251550",100,0,0,4,96,3,13,24,20,36,53,47,2,0,2,1,1,1,0,0,0,2,0,0,0,0,0,0,0,0,0,0,0,0,0,0,0
2016,"MUNICIPIO","251560",17,0,0,1,16,0,1,8,2,5,13,4,1,0,0,0,0,0,0,0,0,0,0,0,0,0,0,0,0,0,0,0,0,0,0,0,0
2016,"MUNICIPIO","251570",16,0,0,0,16,3,1,5,3,4,8,8,1,0,0,0,0,0,0,0,0,0,0,0,0,0,0,0,0,0,0,0,0,0,0,0,0
2016,"MUNICIPIO","251580",62,0,0,4,58,1,3,19,14,21,32,30,5,0,1,1,0,1,0,0,0,1,0,0,0,0,0,0,0,0,0,0,0,0,0,0,0
2016,"MUNICIPIO","251590",47,0,0,4,43,0,1,22,5,15,23,24,1,0,0,0,0,1,0,0,0,0,0,0,0,0,0,0,0,0,0,0,0,0,0,0,0
2016,"MUNICIPIO","251593",56,0,0,1,55,3,6,17,16,13,35,21,3,0,0,0,0,1,0,0,0,0,0,0,0,0,0,0,0,0,0,0,0,0,0,0,0
2016,"MUNICIPIO","251597",47,0,0,5,42,2,8,17,8,7,33,14,0,0,0,0,0,0,0,0,0,0,0,0,0,0,0,0,0,0,0,0,0,0,0,0,0
2016,"MUNICIPIO","251600",227,0,0,31,196,3,35,73,16,69,133,94,5,0,4,2,2,2,0,1,0,3,0,0,0,0,0,0,0,0,0,0,0,0,0,0,0
2016,"MUNICIPIO","251610",141,0,0,19,122,3,17,45,10,47,74,67,9,0,1,1,0,2,0,0,0,1,0,0,0,0,0,0,0,0,0,0,0,0,0,0,0
2016,"MUNICIPIO","251615",29,0,0,3,26,0,7,11,0,8,13,16,3,0,1,1,0,0,1,0,0,0,0,0,0,0,0,0,0,0,0,0,0,0,0,0,0
2016,"MUNICIPIO","251620",539,0,0,68,471,47,70,116,100,138,302,237,17,0,0,0,0,5,0,0,0,0,0,0,0,0,0,0,0,0,0,0,0,0,0,0,0
2016,"MUNICIPIO","251630",160,0,0,17,143,4,18,48,19,54,86,74,5,0,3,3,0,1,1,0,0,2,0,0,0,0,0,0,0,0,0,0,0,0,0,0,0
2016,"MUNICIPIO","251640",76,0,0,4,72,2,7,24,6,33,40,36,5,0,1,1,0,0,0,0,0,1,0,0,0,0,0,0,0,0,0,0,0,0,0,0,0
2016,"MUNICIPIO","251650",121,0,0,11,110,4,11,19,11,65,64,57,5,0,0,0,0,0,0,0,0,0,0,0,0,0,0,0,0,0,0,0,0,0,0,0,0
2016,"MUNICIPIO","251660",106,0,0,11,95,4,12,44,10,25,55,51,4,0,1,1,0,1,0,0,0,1,0,0,0,0,0,0,0,0,0,0,0,0,0,0,0
2016,"MUNICIPIO","251670",114,0,0,12,102,6,25,33,13,25,71,42,5,0,6,6,0,1,1,0,0,5,0,0,0,0,0,0,0,0,0,0,0,0,0,0,0
2016,"MUNICIPIO","251675",16,0,0,1,15,1,2,3,3,6,12,4,0,0,1,1,0,0,0,0,0,1,0,0,0,0,0,0,0,0,0,0,0,0,0,0,0
2016,"MUNICIPIO","251680",80,0,0,11,69,7,18,21,11,12,39,41,4,0,0,0,0,0,0,0,0,0,0,0,0,0,0,0,0,0,0,0,0,0,0,0,0
2016,"MUNICIPIO","251690",108,0,0,8,100,12,12,39,12,25,61,47,2,0,1,1,0,1,0,0,0,1,0,0,0,0,0,0,0,0,0,0,0,0,0,0,0
2016,"MUNICIPIO","251700",57,0,0,6,51,2,10,14,6,19,32,25,1,0,0,0,0,1,0,0,0,0,0,0,0,0,0,0,0,0,0,0,0,0,0,0,0
2016,"MUNICIPIO","251710",19,0,0,1,18,1,1,8,3,5,14,5,0,0,0,0,0,0,0,0,0,0,0,0,0,0,0,0,0,0,0,0,0,0,0,0,0
2016,"MUNICIPIO","251720",30,0,0,4,26,2,4,8,7,5,18,12,0,0,0,0,0,1,0,0,0,0,0,0,0,0,0,0,0,0,0,0,0,0,0,0,0
2016,"MUNICIPIO","251740",21,0,0,4,17,1,4,5,3,4,12,9,1,0,0,0,0,0,0,0,0,0,0,1,0,0,0,1,0,1,1,0,0,0,0,0,0
